Type,TWF,HDF,PWF,OSF,RNF
H,0.6979062811565304,0.7976071784646062,0.4985044865403789,0.19940179461615154,0.3988035892323031
L,0.4166666666666667,1.2666666666666666,0.9833333333333333,1.4500000000000002,0.21666666666666665
M,0.46713380046713376,1.0343677010343677,1.0343677010343677,0.3003003003003003,0.06673340006673341
